model,parameters,select_k_best_k,t1_f1score,t1_auc_score,t1_time,t2_f1score,t2_auc_score,t2_time,t3_f1score,t3_auc_score,t3_time,t4_f1score,t4_auc_score,t4_time,t5_f1score,t5_auc_score,t5_time,t6_f1score,t6_auc_score,t6_time,t7_f1score,t7_auc_score,t7_time,t8_f1score,t8_auc_score,t8_time,t9_f1score,t9_auc_score,t9_time,t10_f1score,t10_auc_score,t10_time,avg_f1score,avg_auc_score,avg_time
DecisionTreeClassifier,{},2,0.3,0.5855079202127805,0.03,0.29,0.5823386878498151,0.03,0.29,0.5842662425970371,0.03,0.29,0.5821138898616179,0.03,0.29,0.5833030929322127,0.03,0.3,0.5845588748949136,0.03,0.3,0.5871681354470577,0.03,0.29,0.5826958238140466,0.03,0.3,0.5869046716886742,0.03,0.29,0.5836088199545751,0.03,0.29,0.29,0.03
DecisionTreeClassifier,{},3,0.4,0.6443223033218393,0.03,0.41,0.6453175893764842,0.03,0.4,0.642279426872051,0.03,0.4,0.6432401235562945,0.03,0.4,0.642202574337433,0.03,0.4,0.6447581329822255,0.03,0.4,0.6423789170876503,0.03,0.4,0.6415275259443786,0.03,0.4,0.6430797261825114,0.03,0.41,0.6466026478324496,0.03,0.4,0.4,0.03
DecisionTreeClassifier,{},4,0.45,0.6694376183226416,0.04,0.45,0.6723281908767919,0.04,0.44,0.6710696357115592,0.04,0.45,0.6709203939010413,0.04,0.45,0.6711309901033276,0.04,0.44,0.6685185934877029,0.04,0.44,0.6692726151739032,0.04,0.45,0.670661398400225,0.04,0.44,0.6686327875184264,0.04,0.44,0.6677672152465342,0.04,0.45,0.45,0.04
DecisionTreeClassifier,{},5,0.51,0.702313868827491,0.04,0.51,0.7003111821627701,0.04,0.5,0.6957903885498854,0.04,0.51,0.7021601609457505,0.04,0.51,0.7019205073643671,0.04,0.51,0.6997805437872001,0.05,0.51,0.6987473126749324,0.05,0.51,0.7024854587083877,0.05,0.51,0.7007718215186526,0.04,0.52,0.7058687634940464,0.04,0.51,0.51,0.04
DecisionTreeClassifier,{},6,0.57,0.7338497968399794,0.04,0.57,0.7333735572990768,0.05,0.56,0.7338126528115393,0.05,0.56,0.7305754338512929,0.05,0.56,0.730345591273409,0.05,0.56,0.7311874556166599,0.05,0.56,0.73024378460683,0.04,0.56,0.7313148624476585,0.05,0.56,0.728357499466072,0.04,0.55,0.728327955786291,0.04,0.56,0.56,0.05
DecisionTreeClassifier,{},10,0.64,0.7733515307646492,0.06,0.64,0.7770866373674591,0.05,0.63,0.7689212154026509,0.06,0.64,0.7732574087410966,0.06,0.64,0.773785402046534,0.06,0.64,0.7767481367711903,0.07,0.64,0.7739231470247566,0.07,0.63,0.7727180888728886,0.06,0.64,0.7761909656647221,0.06,0.64,0.776765740300802,0.06,0.64,0.64,0.06
DecisionTreeClassifier,{},15,0.67,0.7971771105810447,0.08,0.67,0.7976561539903421,0.08,0.67,0.7965763695854529,0.07,0.67,0.7948298831206173,0.07,0.67,0.7939424836129033,0.08,0.68,0.8013138921769821,0.08,0.68,0.7994920013388254,0.08,0.67,0.7958202909020733,0.07,0.67,0.7948115939221467,0.07,0.67,0.7949083200994677,0.07,0.67,0.67,0.08
DecisionTreeClassifier,{},20,0.68,0.8066641071612201,0.11,0.68,0.8038710505997242,0.09,0.68,0.8073060512001966,0.09,0.68,0.8058130090689187,0.1,0.68,0.8024669024821278,0.11,0.69,0.8093198387816594,0.1,0.69,0.8094689707928839,0.1,0.67,0.8011098686014468,0.11,0.68,0.8033773675275921,0.11,0.68,0.8082343892251261,0.1,0.68,0.68,0.1
RandomForestClassifier,{},2,0.33,0.7034530066460243,0.12,0.32,0.7086851190969813,0.12,0.32,0.7019779943606923,0.12,0.33,0.6995088207168069,0.12,0.32,0.7012405898025575,0.12,0.33,0.7067487728669763,0.12,0.32,0.7008755644569536,0.12,0.33,0.7007984204127079,0.12,0.33,0.6954698402683319,0.11,0.31,0.7058755631437006,0.12,0.32,0.32,0.12
RandomForestClassifier,{},3,0.44,0.7945012134732624,0.1,0.44,0.7949257801445108,0.11,0.43,0.7875599535493678,0.1,0.43,0.8072904152076997,0.1,0.45,0.7905034530020639,0.1,0.43,0.7956262716481236,0.1,0.44,0.7946111165451971,0.1,0.44,0.7978521197769869,0.1,0.45,0.7970128471805783,0.1,0.44,0.8003515822663664,0.11,0.44,0.44,0.1
RandomForestClassifier,{},4,0.5,0.8348625542682422,0.14,0.5,0.8277769967896725,0.14,0.51,0.8373638451593494,0.14,0.51,0.8404937192597425,0.14,0.5,0.8394031566078597,0.14,0.51,0.8332175574767116,0.14,0.51,0.8332558664257853,0.14,0.51,0.8317687376997741,0.14,0.5,0.8331919851646844,0.14,0.5,0.8237018554997029,0.14,0.5,0.5,0.14
RandomForestClassifier,{},5,0.57,0.8760685709973117,0.13,0.57,0.8728924660081037,0.13,0.58,0.8686286432607321,0.12,0.58,0.8727778188428562,0.12,0.57,0.8715422029567138,0.13,0.57,0.8729325121567358,0.12,0.58,0.8701599807403648,0.13,0.58,0.8700113791479935,0.12,0.57,0.8692416566056004,0.13,0.57,0.867859246208285,0.13,0.57,0.57,0.13
RandomForestClassifier,{},6,0.64,0.9050553388342097,0.12,0.64,0.9016291979218519,0.12,0.63,0.8940346676152826,0.12,0.64,0.8965515212966422,0.11,0.64,0.8982544974566503,0.12,0.63,0.8956632023520488,0.11,0.65,0.901760234086615,0.11,0.65,0.9016528878053723,0.11,0.62,0.8949054419924991,0.11,0.65,0.8973702065479844,0.11,0.64,0.64,0.11
RandomForestClassifier,{},10,0.73,0.9294610840887282,0.14,0.72,0.9292225666048967,0.14,0.73,0.9319212293471573,0.14,0.73,0.9355044651278867,0.14,0.74,0.929507288609708,0.13,0.74,0.9346521711938918,0.14,0.74,0.9295330084912287,0.14,0.73,0.92910538180677,0.14,0.73,0.9239755784474569,0.13,0.74,0.9301458304606741,0.14,0.73,0.73,0.14
RandomForestClassifier,{},15,0.76,0.940616369065243,0.13,0.78,0.9434721068996983,0.12,0.76,0.9439570101648522,0.12,0.77,0.9436858334425428,0.13,0.77,0.9427498473884135,0.12,0.77,0.9397098521001349,0.12,0.76,0.934978014929418,0.12,0.77,0.942555139167277,0.12,0.78,0.9418424798582211,0.12,0.76,0.9366892990040645,0.13,0.77,0.77,0.12
RandomForestClassifier,{},20,0.78,0.9413639915886445,0.16,0.78,0.9482385155986169,0.15,0.78,0.9510319306734059,0.16,0.78,0.9468701251772091,0.15,0.78,0.9519589627880275,0.15,0.78,0.9506567898165855,0.15,0.78,0.9439613383441243,0.15,0.79,0.9445863023710163,0.16,0.78,0.9432223183574495,0.16,0.78,0.9449679172001708,0.17,0.78,0.78,0.16
MLPClassifier,{},2,0.36,0.867843681761302,7.85,0.36,0.8678048187042846,7.17,0.36,0.8678278790302439,7.35,0.37,0.8680316684143019,7.7,0.36,0.868434262531792,7.35,0.36,0.868133820937785,7.92,0.36,0.8677185671496964,7.54,0.36,0.8680990648387954,7.19,0.36,0.8681683629078598,7.61,0.36,0.8681447259377219,7.28,0.36,0.36,7.5
MLPClassifier,{},3,0.45,0.9146975930327654,6.99,0.46,0.9154380760167093,6.74,0.45,0.9156525672914917,7.08,0.46,0.9155748579660472,7.61,0.45,0.9155252052792582,7.34,0.45,0.9154224912371616,7.85,0.45,0.9150627198299544,7.89,0.45,0.9145402132323105,7.92,0.45,0.9146190222271854,8.04,0.45,0.9154183015987583,7.42,0.45,0.45,7.49
MLPClassifier,{},4,0.49,0.9250515556829928,7.14,0.49,0.9247920599318309,7.65,0.49,0.925312752048545,7.58,0.49,0.9251461766958723,7.32,0.49,0.9245685649943125,7.35,0.48,0.9243050507545485,7.77,0.49,0.9255432605314307,8.41,0.49,0.9246398322024124,7.85,0.49,0.9250784493026937,7.78,0.48,0.9256415917434317,7.38,0.49,0.49,7.62
MLPClassifier,{},5,0.56,0.9449752924619541,8.52,0.56,0.9435300890026879,8.32,0.57,0.9451189107553498,8.73,0.57,0.9448681082284861,9.62,0.56,0.9453780408665556,8.2,0.57,0.9449797091833618,6.96,0.57,0.9444974787703524,6.86,0.56,0.9451074449470263,6.85,0.56,0.9447672441004628,7.34,0.56,0.9452658544217262,7.44,0.56,0.56,7.88
MLPClassifier,{},6,0.62,0.9564661272249131,7.3,0.62,0.9560134543119242,7.44,0.62,0.9563729199367569,7.9,0.62,0.9565186587569648,7.52,0.62,0.9560809840844985,7.5,0.63,0.9564317349123179,8.49,0.62,0.9572146683097725,8.35,0.62,0.9564436231673515,11.5,0.62,0.9558500097648344,9.39,0.62,0.9570965487413579,8.89,0.62,0.62,8.43
MLPClassifier,{},10,0.73,0.9752122143946587,8.66,0.72,0.9755747836437273,8.37,0.73,0.9744616795261315,7.64,0.73,0.9759563125389437,8.02,0.73,0.9753594096378073,8.08,0.73,0.9756838031257864,7.7,0.73,0.9759310396132792,7.96,0.73,0.9746283766607045,9.49,0.74,0.9751582002683913,8.6,0.73,0.9761649744076131,8.4,0.73,0.73,8.29
MLPClassifier,{},15,0.79,0.9854671686191776,8.49,0.8,0.9843336029171238,8.46,0.79,0.9847986465941382,9.02,0.8,0.9839688988843489,7.99,0.79,0.9837897087320101,8.63,0.79,0.9839545838276713,8.31,0.79,0.9845208802635431,8.07,0.79,0.9844074953183286,8.64,0.79,0.9841680490922406,8.04,0.79,0.9850620098373618,7.93,0.79,0.79,8.36
MLPClassifier,{},20,0.81,0.9858112914624845,7.94,0.8,0.9862114549462575,7.63,0.81,0.9867862046567588,8.57,0.81,0.9855030310316735,7.88,0.8,0.9861004392850434,8.59,0.8,0.9855914779827979,8.87,0.81,0.9862445647233751,8.65,0.8,0.9860843391894176,7.88,0.8,0.986989573237763,9.17,0.8,0.9864062020406508,8.33,0.8,0.8,8.35
