model,parameters,pca_n_components,t1_f1score,t1_auc_score,t1_time,t2_f1score,t2_auc_score,t2_time,t3_f1score,t3_auc_score,t3_time,t4_f1score,t4_auc_score,t4_time,t5_f1score,t5_auc_score,t5_time,t6_f1score,t6_auc_score,t6_time,t7_f1score,t7_auc_score,t7_time,t8_f1score,t8_auc_score,t8_time,t9_f1score,t9_auc_score,t9_time,t10_f1score,t10_auc_score,t10_time,avg_f1score,avg_auc_score,avg_time
DecisionTreeClassifier,{},2,0.4,0.6595446883901905,0.03,0.41,0.6615047289664117,0.02,0.4,0.6590084568347772,0.02,0.41,0.6602832763330952,0.03,0.41,0.6624890614466985,0.02,0.41,0.6602870776470161,0.02,0.4,0.661466132836993,0.02,0.4,0.6591347372588444,0.02,0.4,0.6595921884821074,0.02,0.4,0.6604766540836691,0.02,0.4,0.66,0.02
DecisionTreeClassifier,{},3,0.5,0.70526111188916,0.03,0.51,0.7048179427131319,0.03,0.51,0.7101657579379567,0.03,0.51,0.7110268728915299,0.03,0.5,0.7042059545486357,0.03,0.51,0.7067594734624769,0.03,0.52,0.7124469320739104,0.03,0.51,0.7117735992606543,0.03,0.51,0.707291319444915,0.03,0.51,0.7057332371001749,0.03,0.51,0.71,0.03
DecisionTreeClassifier,{},4,0.54,0.7252341740676608,0.04,0.54,0.7275928819795061,0.04,0.54,0.729239472986665,0.04,0.54,0.7286079041014155,0.04,0.54,0.7266682152780803,0.04,0.54,0.7266265536420624,0.04,0.54,0.7298999521561151,0.04,0.54,0.7293304174176813,0.04,0.54,0.7254723424766312,0.04,0.53,0.7215825249232727,0.04,0.54,0.73,0.04
DecisionTreeClassifier,{},5,0.58,0.7440341149395668,0.05,0.58,0.745732649150045,0.05,0.59,0.7494064758174075,0.05,0.58,0.7420768959720206,0.05,0.58,0.7429311581405627,0.05,0.58,0.7435978105966738,0.05,0.58,0.7467088169196279,0.05,0.58,0.744889275602879,0.05,0.58,0.74158616437153,0.05,0.57,0.7393883622840828,0.05,0.58,0.74,0.05
DecisionTreeClassifier,{},6,0.6,0.7566096644905188,0.06,0.61,0.7596953349889817,0.06,0.6,0.7518546576525983,0.06,0.6,0.7535614164489074,0.06,0.6,0.7551616702258351,0.06,0.6,0.7555021277745867,0.06,0.6,0.7562505794175121,0.06,0.6,0.7521487893960808,0.06,0.61,0.756864783245536,0.06,0.6,0.7583333205571023,0.06,0.6,0.76,0.06
DecisionTreeClassifier,{},10,0.63,0.7699732387708598,0.1,0.63,0.7692166194912876,0.1,0.64,0.7736896917710993,0.1,0.63,0.7685913231030849,0.14,0.63,0.77141186613809,0.17,0.63,0.7741212243087443,0.18,0.63,0.7725735789117502,0.15,0.64,0.7740281342782538,0.12,0.63,0.7714744270956023,0.12,0.63,0.7748733311344218,0.12,0.63,0.77,0.13
DecisionTreeClassifier,{},15,0.65,0.7775777768317805,0.16,0.64,0.7764165929583616,0.17,0.64,0.7733104918495408,0.16,0.65,0.7793689868687231,0.15,0.64,0.77567490557299,0.16,0.64,0.7761381216669745,0.14,0.65,0.7781360524920713,0.14,0.65,0.7782220135546792,0.15,0.64,0.7766995697119089,0.15,0.65,0.7800164705506369,0.14,0.65,0.78,0.15
DecisionTreeClassifier,{},20,0.63,0.7719537230298118,0.19,0.64,0.7739992909760164,0.19,0.64,0.7762535690536261,0.2,0.64,0.7754550424086387,0.2,0.64,0.7778524304045896,0.18,0.63,0.7734314984851272,0.19,0.64,0.7770276459110816,0.21,0.64,0.775559480245927,0.19,0.64,0.7788234699190424,0.2,0.63,0.7740271755064208,0.2,0.64,0.78,0.19
RandomForestClassifier,{},2,0.45,0.7999080377187658,0.13,0.44,0.800202588832205,0.17,0.44,0.7959190307651723,0.12,0.43,0.7847104229380771,0.21,0.43,0.7899118619144793,0.11,0.44,0.7909247359714232,0.17,0.42,0.7915558741109556,0.11,0.44,0.8003935858648941,0.13,0.43,0.7970857960213692,0.1,0.42,0.7975414103444068,0.11,0.43,0.79,0.14
RandomForestClassifier,{},3,0.53,0.8463923079500129,0.11,0.53,0.8536368515308227,0.1,0.55,0.8532563678235787,0.1,0.54,0.8519877015915696,0.1,0.54,0.8547212166684355,0.1,0.53,0.8452034308601801,0.1,0.55,0.8429839001980645,0.11,0.53,0.8496546488498626,0.1,0.53,0.8473459439188074,0.11,0.54,0.8532976106747934,0.1,0.54,0.85,0.1
RandomForestClassifier,{},4,0.61,0.8951145721054252,0.15,0.61,0.8873168788163373,0.28,0.61,0.8909134523103044,0.28,0.61,0.8858545520031055,0.21,0.61,0.8924815072541009,0.19,0.61,0.887402649932604,0.18,0.61,0.8902048799891195,0.17,0.61,0.8868768655024055,0.16,0.61,0.8921080404866313,0.16,0.6,0.8917505747784832,0.17,0.61,0.89,0.19
RandomForestClassifier,{},5,0.66,0.9078174824253843,0.16,0.66,0.9046978089660271,0.15,0.66,0.9062068491193148,0.15,0.65,0.9033904446116787,0.15,0.65,0.9018066656582153,0.16,0.64,0.9037059115528858,0.16,0.65,0.9040136834842909,0.15,0.65,0.8996007586964473,0.15,0.67,0.9060078990653797,0.15,0.65,0.9028894516241428,0.16,0.65,0.9,0.15
RandomForestClassifier,{},6,0.68,0.9158598395893582,0.16,0.69,0.9186893921749486,0.14,0.69,0.9188326611896248,0.15,0.68,0.9161130940519525,0.15,0.68,0.919136937359845,0.16,0.69,0.9142216281202517,0.17,0.7,0.9159217144895955,0.15,0.68,0.9120314523948163,0.14,0.68,0.9143407890953034,0.15,0.69,0.9183291044241285,0.16,0.69,0.92,0.15
RandomForestClassifier,{},10,0.73,0.9290946300463845,0.22,0.73,0.9325784121365863,0.21,0.72,0.9353217335558737,0.21,0.74,0.9345435603793361,0.22,0.74,0.9280990175475146,0.22,0.73,0.9285459936359379,0.2,0.73,0.9288176721628245,0.2,0.72,0.9350419360124685,0.23,0.74,0.9350451008970017,0.22,0.74,0.9307871233368755,0.2,0.73,0.93,0.21
RandomForestClassifier,{},15,0.76,0.937608077982398,0.2,0.75,0.9373150266897794,0.2,0.76,0.9358923901687782,0.2,0.77,0.9389738661149915,0.2,0.77,0.9416861194052489,0.2,0.76,0.9427043542465344,0.2,0.76,0.9343556053872468,0.2,0.75,0.9348537443835999,0.2,0.75,0.9387032838028565,0.21,0.75,0.9412918196965144,0.21,0.76,0.94,0.2
RandomForestClassifier,{},20,0.75,0.9312395660271691,0.25,0.76,0.9317057055972521,0.25,0.75,0.9365634776318451,0.26,0.75,0.9413044873278925,0.25,0.76,0.9333055219513026,0.25,0.75,0.9418851703443636,0.25,0.76,0.9416177213323502,0.25,0.76,0.9394889306116911,0.25,0.76,0.9378828935372576,0.25,0.76,0.9357655999830818,0.25,0.76,0.94,0.25
MLPClassifier,{},2,0.44,0.9080248759553085,6.26,0.43,0.9075988190942622,6.38,0.44,0.9076034982510922,6.35,0.43,0.9087178304802758,6.17,0.44,0.9075310194371996,6.23,0.43,0.9076429837608132,6.27,0.43,0.9084538086829674,6.59,0.43,0.9078227691463804,7.26,0.44,0.9083545867666233,6.36,0.44,0.9089693333369778,6.34,0.44,0.91,6.42
MLPClassifier,{},3,0.5,0.9309895441388971,6.46,0.51,0.9310698672862346,6.49,0.51,0.9317385108003526,6.48,0.51,0.9301166347020535,6.37,0.51,0.9310169443898424,6.56,0.51,0.9313695860879061,6.59,0.51,0.9307207583815424,6.49,0.51,0.9320372917466823,6.48,0.51,0.9306554269650597,6.54,0.51,0.930903662229527,6.56,0.51,0.93,6.5
MLPClassifier,{},4,0.58,0.9504406176093494,6.58,0.59,0.9515899025059897,6.53,0.59,0.9503221590768551,6.83,0.58,0.9516293271261167,6.58,0.59,0.949916012230582,6.76,0.58,0.9499801981570161,6.65,0.59,0.9508001363893303,6.49,0.58,0.9501195328463531,6.57,0.59,0.9503519236233728,6.62,0.58,0.9505337899253867,6.67,0.58,0.95,6.63
MLPClassifier,{},5,0.63,0.958587300344792,6.6,0.63,0.9587639848504359,6.66,0.63,0.9581724532386926,6.77,0.63,0.9588415654354674,6.74,0.63,0.959729250336921,6.67,0.63,0.9585028218956997,6.6,0.63,0.9587808610437956,6.75,0.63,0.9590772707487816,7.04,0.63,0.9585121451514913,6.69,0.62,0.9584845308597392,6.69,0.63,0.96,6.72
MLPClassifier,{},6,0.67,0.9663692886481335,6.74,0.67,0.9668512159464595,6.9,0.67,0.967361651841923,6.79,0.68,0.9682529818048273,6.89,0.67,0.9663381545209615,6.76,0.68,0.9667802082606265,6.82,0.67,0.9667233802792187,6.7,0.68,0.9662463247523585,6.84,0.68,0.9665502965133892,6.62,0.67,0.9665609356163707,6.76,0.67,0.97,6.78
MLPClassifier,{},10,0.76,0.9800266961479422,6.79,0.75,0.9798141927851374,6.8,0.76,0.9804603839564914,6.96,0.76,0.980756277286275,6.79,0.76,0.9801595041278368,6.7,0.76,0.9800589208970751,6.89,0.75,0.9797248097371581,6.76,0.75,0.9801076842833164,6.93,0.75,0.9798782709200189,6.94,0.76,0.9805687973787286,6.88,0.76,0.98,6.84
MLPClassifier,{},15,0.82,0.9888719623829838,6.83,0.82,0.9883123893587634,6.79,0.82,0.9881263816688777,6.91,0.82,0.988360232332578,6.9,0.81,0.9881269147188644,6.87,0.82,0.9882561014380498,6.89,0.82,0.9883739756468581,7.06,0.82,0.9888430321711982,6.82,0.82,0.9876128934821362,6.89,0.82,0.9886874330049733,7.07,0.82,0.99,6.9
MLPClassifier,{},20,0.84,0.9904644828805423,6.96,0.84,0.989802640609215,6.97,0.83,0.9895133790148923,6.94,0.84,0.9906276937408154,6.96,0.84,0.9901225427500845,6.84,0.84,0.9900865042498384,6.9,0.84,0.9905749538123172,6.82,0.84,0.9904060206197253,7.03,0.83,0.9896786925474081,6.93,0.84,0.9910350124023841,7.0,0.84,0.99,6.93
MLPClassifier,"{'hidden_layer_sizes': '(1000,500,500)', 'max_iter': 5000, 'solver': 'sgd'}",2,0.42,0.9050360234287593,52.51,0.42,0.9037980365929768,50.82,0.42,0.9031118004673285,45.01,0.42,0.9037907506429057,48.8,0.42,0.9028550280818805,44.88,0.42,0.9037501186783413,48.49,0.42,0.9023963105848365,41.02,0.42,0.9025220512400102,43.9,0.42,0.9042457273081742,48.91,0.42,0.9034556493040333,45.38,0.42,0.9,46.97
MLPClassifier,"{'hidden_layer_sizes': '(1000,500,500)', 'max_iter': 5000, 'solver': 'sgd'}",3,0.5,0.9264038480562667,54.26,0.5,0.9264872122911939,61.86,0.5,0.9256702972158518,51.1,0.5,0.9278074575676243,66.53,0.51,0.9280989333702475,66.11,0.5,0.9274207067156301,61.45,0.5,0.9267458401151991,57.12,0.5,0.9267300917500856,57.87,0.5,0.926053778942629,50.48,0.5,0.9268020263769133,52.91,0.5,0.93,57.97
MLPClassifier,"{'hidden_layer_sizes': '(1000,500,500)', 'max_iter': 5000, 'solver': 'sgd'}",4,0.57,0.9484105639807263,69.27,0.58,0.9500737333611738,86.33,0.58,0.949228303662332,77.2,0.58,0.9493105708173348,91.61,0.58,0.9482427459123464,78.93,0.58,0.9500032815924333,90.87,0.58,0.9488871032179761,74.28,0.58,0.9486156321444005,75.44,0.58,0.9501791621422567,89.78,0.58,0.9503242196135104,89.65,0.58,0.95,82.34
MLPClassifier,"{'hidden_layer_sizes': '(1000,500,500)', 'max_iter': 5000, 'solver': 'sgd'}",5,0.64,0.9590267719305634,85.18,0.63,0.9596873690414841,109.94,0.64,0.9595740677279233,109.72,0.64,0.9600860992405913,119.44,0.64,0.9585446172589935,105.85,0.64,0.9594321985303108,105.9,0.64,0.9596350939516914,110.71,0.63,0.9595583020998475,112.74,0.64,0.9596318991565196,114.05,0.64,0.9593905130215724,101.83,0.64,0.96,107.54
MLPClassifier,"{'hidden_layer_sizes': '(1000,500,500)', 'max_iter': 5000, 'solver': 'sgd'}",6,0.67,0.9679205096142707,125.43,0.67,0.9662132780030795,100.24,0.68,0.9674616674194678,128.52,0.68,0.9671410721410922,115.24,0.68,0.9676931671082203,119.22,0.67,0.9662372523476345,89.86,0.68,0.9679391901345987,118.38,0.68,0.9686784890060955,134.32,0.68,0.9675480063271098,112.94,0.67,0.9673188615125464,100.46,0.68,0.97,114.46
MLPClassifier,"{'hidden_layer_sizes': '(1000,500,500)', 'max_iter': 5000, 'solver': 'sgd'}",10,0.75,0.980339608723073,141.29,0.76,0.9812578036460742,148.95,0.75,0.9800400063252335,125.34,0.75,0.9799451028300713,130.78,0.77,0.9809843454709458,156.07,0.75,0.9795640228972594,126.02,0.76,0.9802583784117516,140.43,0.75,0.9805179778181916,126.42,0.76,0.980608088942068,133.45,0.75,0.9809808027315498,125.65,0.75,0.98,135.44
MLPClassifier,"{'hidden_layer_sizes': '(1000,500,500)', 'max_iter': 5000, 'solver': 'sgd'}",15,0.81,0.9865084735184313,94.45,0.81,0.9872354975093943,128.37,0.81,0.9865965644637356,118.19,0.81,0.9867625273580193,110.27,0.81,0.9872049889427439,111.32,0.81,0.9868965864145759,118.13,0.81,0.9864397460953209,112.56,0.81,0.9868997143074917,121.93,0.82,0.9871731714443723,133.98,0.81,0.9864863535727784,109.65,0.81,0.99,115.89
MLPClassifier,"{'hidden_layer_sizes': '(1000,500,500)', 'max_iter': 5000, 'solver': 'sgd'}",20,0.82,0.9892096493287603,121.12,0.83,0.9895384537741672,113.39,0.83,0.9892057129287214,123.92,0.83,0.9889047192270061,133.02,0.82,0.9887333184029089,107.96,0.82,0.9882449122306016,109.97,0.82,0.9891152692241898,111.98,0.83,0.9895019927518081,104.87,0.83,0.9897256075952453,124.52,0.83,0.9886903900537043,123.24,0.83,0.99,117.4
